# 文字层坐标表 (x_pt, y_pt, 字高, 文本) —— 页面 A3(pt) 1786.25 x 861.48
# x=0.0
100.7	838.7	7.2	1
100.7	3.5	7.2	1
299.3	838.7	7.2	2
299.3	3.5	7.2	2
497.9	838.7	7.2	3
497.9	3.5	7.2	3
696.5	838.7	7.2	4
696.5	3.5	7.2	4
895.1	838.7	7.2	5
895.1	3.5	7.2	5
1093.7	838.7	7.2	6
1093.7	3.5	7.2	6
5.0	105.2	7.2	A
1189.4	105.2	7.2	A
5.0	315.8	7.2	B
1189.4	315.8	7.2	B
5.0	526.4	7.2	C
1189.4	526.4	7.2	C
5.0	737.0	7.2	D
1189.4	737.0	7.2	D
687.2	718.6	10.8	原理图
833.0	717.4	14.4	Schematic1
981.4	711.4	10.8	创建日期
1054.4	711.4	10.8	2026-09-09
981.4	725.8	10.8	更新日期
1054.4	725.8	10.8	2026-09-14
687.2	754.6	10.8	绘制
760.2	754.6	10.8	YJRQZ
957.4	767.8	14.4	charger_spoofing
687.2	769.0	10.8	审阅
848.0	797.8	10.8	版本
884.5	797.8	10.8	尺寸
1002.9	797.8	10.8	页    1    共    1
848.0	819.4	10.8	V0.1
889.8	819.4	10.8	A3
1027.2	819.4	10.8	嘉立创EDA
687.2	740.2	10.8	板子
829.4	739.0	14.4	pd-spoofing
981.4	740.2	10.8	图页
1054.4	740.2	10.8	P1
3.2	852.0	5.2	Comment : 1 boot
146.3	533.7	5.2	PC15/CC2/T2C3_/T1ET_
140.4	530.1	5.2	1
146.3	540.9	5.2	VDD
140.4	537.3	5.2	2
146.3	548.1	5.2	PC0/TX2_/T2C4_/T1C1_/T2BK_/A10
140.4	544.5	5.2	3
146.3	555.3	5.2	PC3/T1C4_/T2C3N_/T2C1N_/C1N0/A13
140.4	551.7	5.2	4
146.3	562.5	5.2	PA0/T2C1/CTS2/C1P1/A0
140.4	558.9	5.2	5
146.3	569.7	5.2	PA1/RTS2/T2C2/C1O/O1N2/O2N2/A1
140.4	566.1	5.2	6
146.3	576.9	5.2	PA2/TX2/T2C3/O2O1/T2ET_/A2
140.4	573.3	5.2	7
146.3	584.1	5.2	PA3/T2C4/O1O0/T3C1_/RX2/A3
140.4	580.5	5.2	8
146.3	591.3	5.2	PA4/CS/O2O0/T3C2_/A4
140.4	587.7	5.2	9
146.3	598.5	5.2	PA5/SCK/TX4_/O2N0/A5
137.5	594.9	5.2	10
146.3	605.7	5.2	PA6/MISO/T3C1/T1BK_/O1N0/A6
137.5	602.1	5.2	11
146.3	612.9	5.2	PA7/MOSI/T3C2/T1C1N_/TX1_/O2P0/A7
137.5	609.3	5.2	12
146.3	620.1	5.2	PB0/TX4/T1C2N_/O1P0/A8
137.5	616.5	5.2	13
146.3	627.3	5.2	PB3/TX3/T2C3_/T2C3N_/O2P1
137.5	623.7	5.2	14
441.6	627.3	5.2	PB4/T2C4_/T3C1_/T2BK_/RX3/O1P2
532.8	623.7	5.2	15
405.8	620.1	5.2	PB1/T1C3N_/RX4/O2N1/A9/PB5/O1O1/T3C2_/T1BK
532.8	616.5	5.2	16
471.9	612.9	5.2	PB6/T1C1N/CTS3/O1N1
532.8	609.3	5.2	17
469.2	605.7	5.2	PB7/T1C2N/RTS3_/O2P2
532.8	602.1	5.2	18
487.0	598.5	5.2	PB8/T1C3N/O1P1
532.8	594.9	5.2	19
478.0	591.3	5.2	PB9/T1C1/MCO/TX4_
532.8	587.7	5.2	20
491.6	584.1	5.2	PB10/TX1/T1C2
532.8	580.5	5.2	21
470.1	576.9	5.2	PB11/T1C3/T2C1N_/RX1
532.8	573.3	5.2	22
478.9	569.7	5.2	PB12/T1C4_/T2C2N_
532.8	566.1	5.2	23
428.2	562.5	5.2	PC19/DCK/T2C1_/T3C1_/I2C_/RX3_/C1P0
532.8	558.9	5.2	24
424.1	555.3	5.2	PC18/DIO/TX3_/T2C1N_/T3C2_/I2C_/T1ET_
532.8	551.7	5.2	25
418.6	548.1	5.2	PC16/UDM/T1C4/TX4_/I2C_/RX4_/CTS1/PC11
532.8	544.5	5.2	26
419.5	540.9	5.2	PC17/UDP/RTS1/TX4_/I2C_/RX4_/T1ET/PC10
532.8	537.3	5.2	27
470.4	533.7	5.2	PC14/CC1/T1C3_/T2C2_
532.8	530.1	5.2	28
330.7	524.4	5.2	GND 29
143.6	637.5	5.2	U2
143.6	643.2	5.2	CH32X035G8U6
104.1	137.7	5.2	GND
118.8	134.1	5.2	A1B12
101.5	130.5	5.2	VBUS
118.8	126.9	5.2	A4B9
102.1	123.3	5.2	SBU2
118.8	119.7	5.2	B8
105.3	116.1	5.2	CC1
118.8	112.5	5.2	A5
106.2	108.9	5.2	Dn2
118.8	105.3	5.2	B7
106.2	101.7	5.2	Dp1
118.8	98.1	5.2	A6
106.2	94.5	5.2	Dn1
118.8	90.9	5.2	A7
106.2	87.3	5.2	Dp2
118.8	83.7	5.2	B6
102.1	80.1	5.2	SBU1
118.8	76.5	5.2	A8
105.3	72.9	5.2	CC2
118.8	69.3	5.2	B5
101.5	65.7	5.2	VBUS
118.8	62.1	5.2	B4A9
104.1	58.5	5.2	GND
118.8	54.9	5.2	B1A12
85.1	58.5	5.2	EH
76.3	54.9	5.2	14
85.1	137.7	5.2	EH
76.3	134.1	5.2	13
82.4	47.1	5.2	USB1
82.4	147.9	5.2	TYPE-C 16PIN 2MD(073)
419.4	60.0	5.2	BST
418.5	57.6	5.2	1
418.6	126.3	5.2	GND
417.2	132.0	5.2	2
436.7	123.3	5.2	FB
446.4	119.7	5.2	3
405.5	123.3	5.2	EN
399.6	119.7	5.2	4
405.5	65.7	5.2	IN
399.6	62.1	5.2	5
434.9	65.7	5.2	SW
446.4	62.1	5.2	6
399.2	54.3	5.2	DCDC1
298.4	61.5	5.2	USB-VBUS
341.6	119.1	5.2	DCDC_EN
496.4	115.5	5.2	R5
496.4	129.9	5.2	124k
507.8	130.6	5.2	Ω
950.6	141.3	5.2	NC
961.2	137.7	5.2	1
950.6	134.1	5.2	NC
961.2	130.5	5.2	2
947.4	126.9	5.2	SDA
961.2	123.3	5.2	3
948.0	119.7	5.2	SCL
961.2	116.1	5.2	4
950.9	112.5	5.2	RS
961.2	108.9	5.2	5
947.4	105.3	5.2	RES
961.2	101.7	5.2	6
950.9	98.1	5.2	CS
961.2	94.5	5.2	7
946.5	90.9	5.2	GND
961.2	87.3	5.2	8
950.6	83.7	5.2	NC
961.2	80.1	5.2	9
947.1	76.5	5.2	VCC
961.2	72.9	5.2	10
944.5	69.3	5.2	LEDK
961.2	65.7	5.2	11
944.5	62.1	5.2	LEDA
961.2	58.5	5.2	12
946.5	54.9	5.2	GND
961.2	51.3	5.2	13
932.0	43.5	5.2	LCD1
806.0	151.5	5.2	N114-2413THBIG01-H13
482.0	57.9	5.2	L1
482.0	72.3	5.2	10uH
580.7	61.5	5.2	3V3
975.2	122.7	5.2	LCD_SDA
377.6	104.7	5.2	R3
366.8	111.9	5.2	510k
378.2	112.6	5.2	Ω
975.2	115.5	5.2	LCD_SCK
975.2	108.3	5.2	LCD_DC
975.2	101.1	5.2	LCD_RES
975.2	93.9	5.2	LCD_CS
345.2	72.3	5.2	C2
338.0	86.7	5.2	4.7uF
695.7	341.5	5.2	OUT
689.8	337.9	5.2	1
695.7	334.3	5.2	GND
689.8	330.7	5.2	2
695.7	327.1	5.2	IN+
689.8	323.5	5.2	3
726.6	327.1	5.2	IN-
736.6	323.5	5.2	4
726.6	341.5	5.2	VS
736.6	337.9	5.2	5
694.4	317.1	5.2	U1
694.4	353.1	5.2	INA180A2IDBVR
168.7	195.4	5.2	GND
85.9	177.4	5.2	GND
188.2	132.7	5.2	GND
53.5	55.0	5.2	GND
148.6	39.1	5.2	GND
188.2	53.5	5.2	GND
168.7	177.4	5.2	GND
85.9	195.4	5.2	GND
53.5	134.2	5.2	GND
148.6	154.3	5.2	GND
708.8	277.5	5.2	R7
708.8	291.9	5.2	10m
719.0	292.6	5.2	Ω
136.4	90.3	5.2	USB-DM
546.8	529.5	5.2	USB-CC1
546.8	543.9	5.2	USB-DM
546.8	536.7	5.2	USB-DP
107.6	529.5	5.2	USB-CC2
136.4	104.7	5.2	USB-DM
136.4	61.5	5.2	USB-VBUS
136.4	126.3	5.2	USB-VBUS
136.4	111.9	5.2	USB-CC1
136.4	68.7	5.2	USB-CC2
136.4	97.5	5.2	USB-DP
136.4	83.1	5.2	USB-DP
161.6	65.1	5.2	R1
161.6	79.5	5.2	5.1k
171.5	80.2	5.2	Ω
161.6	108.3	5.2	R4
161.6	122.7	5.2	5.1k
171.5	123.4	5.2	Ω
363.2	72.3	5.2	C3
359.6	86.7	5.2	100nF
64.4	547.5	5.2	C14
50.0	558.3	5.2	1uF
125.6	194.7	5.2	D6
125.6	176.7	5.2	D5
42.8	194.7	5.2	D4
42.8	176.7	5.2	D3
489.2	144.3	5.2	C7
485.6	151.5	5.2	47pF
737.6	576.3	5.2	C16
737.6	583.5	5.2	10nF
428.0	306.3	5.2	C8
428.0	313.5	5.2	10nF
881.6	576.3	5.2	C18
881.6	583.5	5.2	10nF
809.6	576.3	5.2	C17
809.6	583.5	5.2	10nF
647.6	353.1	5.2	C11
647.6	360.3	5.2	10nF
1047.2	83.1	5.2	C6
1047.2	93.9	5.2	100nF
554.0	72.3	5.2	C5
554.0	83.1	5.2	100nF
435.2	39.9	5.2	C1
449.6	47.1	5.2	100nF
474.8	75.9	5.2	D1
456.8	129.9	5.2	R6
446.0	144.3	5.2	40.2k
458.8	145.0	5.2	Ω
89.6	277.5	5.2	VOUT
222.8	277.5	5.2	USB-VBUS
381.2	713.1	5.2	R37
381.2	720.3	5.2	100
390.0	721.0	5.2	Ω
244.4	313.5	5.2	R12
244.4	327.9	5.2	100
253.2	328.6	5.2	Ω
230.0	335.1	5.2	R14
230.0	342.3	5.2	68k
238.5	343.0	5.2	Ω
827.6	353.1	5.2	R17
827.6	367.5	5.2	1K
834.0	368.2	5.2	Ω
878.0	324.3	5.2	R15
878.0	331.5	5.2	10K
887.4	332.2	5.2	Ω
557.6	799.5	5.2	R27
567.2	799.5	5.2	100
577.2	803.8	5.2	Ω
557.6	749.1	5.2	R34
567.2	749.1	5.2	100
577.2	753.4	5.2	Ω
557.6	806.7	5.2	R28
567.2	806.7	5.2	100
577.2	811.0	5.2	Ω
658.4	335.1	5.2	R16
658.4	349.5	5.2	100
667.2	350.2	5.2	Ω
111.2	313.5	5.2	R11
111.2	327.9	5.2	100
120.0	328.6	5.2	Ω
96.8	335.1	5.2	R13
96.8	342.3	5.2	68k
105.3	343.0	5.2	Ω
557.6	756.3	5.2	R35
567.2	756.3	5.2	100
577.2	760.6	5.2	Ω
852.8	363.9	5.2	R18
856.4	378.3	5.2	100k
867.8	379.0	5.2	Ω
1032.8	590.7	5.2	R24
1032.8	605.1	5.2	1k
1038.4	605.8	5.2	Ω
1083.2	536.7	5.2	R22
1083.2	543.9	5.2	1k
1088.8	544.6	5.2	Ω
1065.2	608.7	5.2	R25
1065.2	615.9	5.2	1k
1070.8	616.6	5.2	Ω
230.0	299.1	5.2	R10
230.0	306.3	5.2	470k
241.4	307.0	5.2	Ω
96.8	299.1	5.2	R9
96.8	306.3	5.2	470k
108.2	307.0	5.2	Ω
892.4	281.1	5.2	R8
896.0	295.5	5.2	100k
907.4	296.2	5.2	Ω
989.6	54.3	5.2	R2
989.6	68.7	5.2	100
998.4	69.4	5.2	Ω
384.8	788.7	5.2	R26
384.8	803.1	5.2	100
393.6	803.8	5.2	Ω
1083.2	565.5	5.2	R23
1083.2	572.7	5.2	100
1092.0	573.4	5.2	Ω
856.4	540.3	5.2	R21
856.4	547.5	5.2	10k
864.9	548.2	5.2	Ω
712.4	540.3	5.2	R19
712.4	547.5	5.2	10k
720.9	548.2	5.2	Ω
784.4	540.3	5.2	R20
784.4	547.5	5.2	10k
792.9	548.2	5.2	Ω
152.3	317.1	5.2	VOUT-ADC
273.3	317.1	5.2	USB-VBUS-ADC
1041.4	251.5	5.2	GND
368.2	748.3	5.2	GND
217.0	370.3	5.2	GND
1041.4	323.5	5.2	GND
1016.2	309.1	5.2	GND
83.8	370.3	5.2	GND
670.6	316.3	5.2	GND
86.0	763.5	5.2	C19
96.8	770.7	5.2	100nF
165.2	763.5	5.2	C20
176.0	770.7	5.2	100nF
237.2	763.5	5.2	C21
248.0	770.7	5.2	100nF
316.4	763.5	5.2	C22
327.2	770.7	5.2	100nF
766.4	349.5	5.2	C12
748.4	360.3	5.2	100nF
86.0	547.5	5.2	C15
68.0	558.3	5.2	100nF
39.2	547.5	5.2	C13
21.2	558.3	5.2	10uF
507.2	72.3	5.2	C4
500.0	86.7	5.2	22uF
399.2	759.9	5.2	C23
399.2	781.5	5.2	22uF
844.6	518.7	5.2	3V3
592.6	727.5	5.2	3V3
146.2	785.1	5.2	3V3
1071.4	515.1	5.2	3V3
67.0	785.1	5.2	3V3
297.4	785.1	5.2	3V3
700.6	518.7	5.2	3V3
772.6	518.7	5.2	3V3
31.0	529.5	5.2	3V3
758.2	331.5	5.2	3V3
1049.8	65.1	5.2	3V3
378.3	769.0	5.2	3V3
218.2	785.1	5.2	3V3
592.6	777.9	5.2	3V3
651.2	281.1	5.2	USB-VBUS
604.4	338.7	5.2	IBUS-ADC
1033.3	291.1	5.2	-
1027.3	287.5	5.2	1
1033.3	283.9	5.2	+
1027.3	280.3	5.2	2
1044.9	283.1	5.2	3
1041.3	277.2	5.2	3
1044.9	296.5	5.2	4
1041.3	302.4	5.2	4
1054.4	281.1	5.2	CN1
1054.4	288.3	5.2	XT30PW-M30.G.Y
107.6	558.3	5.2	VOUT-ADC
107.6	587.1	5.2	IBUS-ADC
107.6	572.7	5.2	LCD_DC
546.8	551.1	5.2	MCU-DIO
546.8	608.7	5.2	KEY-3
546.8	565.5	5.2	VOUT-EN
546.8	579.9	5.2	LOG-TX
100.4	543.9	5.2	USB-VBUS-ADC
546.8	558.3	5.2	MCU-DCK
107.6	565.5	5.2	LCD_RES
546.8	623.1	5.2	KEY-2
107.6	623.1	5.2	KEY-1
107.6	608.7	5.2	LCD_SDA
107.6	594.3	5.2	LCD_SCK
543.2	587.1	5.2	WS2812
546.8	572.7	5.2	LOG-RX
107.6	579.9	5.2	LCD_CS
284.0	331.5	5.2	C10
284.0	338.7	5.2	100nF
150.8	331.5	5.2	C9
150.8	338.7	5.2	100nF
607.1	786.8	6.4	1
600.5	783.2	6.4	1
607.1	794.0	6.4	2
600.5	790.4	6.4	2
607.1	801.2	6.4	3
600.5	797.6	6.4	3
607.1	808.4	6.4	4
600.5	804.8	6.4	4
604.4	821.9	4.4	LAIL-PZ2.54-4P-L
604.4	778.7	4.4	H1
607.1	736.4	6.4	1
600.5	732.8	6.4	1
607.1	743.6	6.4	2
600.5	740.0	6.4	2
607.1	750.8	6.4	3
600.5	747.2	6.4	3
607.1	758.0	6.4	4
600.5	754.4	6.4	4
604.4	771.5	4.4	LAIL-PZ2.54-4P-L
604.4	728.3	4.4	H2
684.9	611.6	5.2	4
684.9	579.9	5.2	3
699.3	611.6	5.2	1
699.3	579.9	5.2	2
708.7	584.8	5.2	SW1
708.7	592.0	5.2	TS24CA
371.7	341.6	5.2	4
371.7	309.9	5.2	3
386.1	341.6	5.2	1
386.1	309.9	5.2	2
395.5	314.8	5.2	DCDC-EN1
395.5	322.0	5.2	TS24CA
828.9	611.6	5.2	4
828.9	579.9	5.2	3
843.3	611.6	5.2	1
843.3	579.9	5.2	2
852.7	584.8	5.2	SW3
852.7	592.0	5.2	TS24CA
756.9	611.6	5.2	4
756.9	579.9	5.2	3
771.3	611.6	5.2	1
771.3	579.9	5.2	2
780.7	584.8	5.2	SW2
780.7	592.0	5.2	TS24CA
528.8	799.5	5.2	MCU-DCK
528.8	749.1	5.2	LOG-TX
528.8	806.7	5.2	MCU-DIO
528.8	756.3	5.2	LOG-RX
798.8	561.9	5.2	KEY-2
726.8	561.9	5.2	KEY-1
428.0	291.9	5.2	DCDC_EN
870.8	561.9	5.2	KEY-3
410.0	792.3	5.2	WS2812
1112.7	544.5	5.2	1
1112.7	551.7	5.2	2
1119.2	529.5	5.2	BUZZER1
1119.2	572.7	5.2	2.7kHz
239.9	794.0	6.4	VDD
233.3	790.4	6.4	1
239.9	801.2	6.4	DOUT
233.3	797.6	6.4	2
265.0	801.2	6.4	VSS
280.8	797.6	6.4	3
266.8	794.0	6.4	DIN
280.8	790.4	6.4	4
237.2	814.7	4.4	WS2812C-V6
237.2	785.9	4.4	U5
319.1	794.0	6.4	VDD
312.5	790.4	6.4	1
319.1	801.2	6.4	DOUT
312.5	797.6	6.4	2
344.2	801.2	6.4	VSS
360.0	797.6	6.4	3
346.0	794.0	6.4	DIN
360.0	790.4	6.4	4
316.4	814.7	4.4	WS2812C-V6
316.4	785.9	4.4	U6
167.9	794.0	6.4	VDD
161.3	790.4	6.4	1
167.9	801.2	6.4	DOUT
161.3	797.6	6.4	2
193.0	801.2	6.4	VSS
208.8	797.6	6.4	3
194.8	794.0	6.4	DIN
208.8	790.4	6.4	4
165.2	814.7	4.4	WS2812C-V6
165.2	785.9	4.4	U4
88.7	794.0	6.4	VDD
82.1	790.4	6.4	1
88.7	801.2	6.4	DOUT
82.1	797.6	6.4	2
113.8	801.2	6.4	VSS
129.6	797.6	6.4	3
115.6	794.0	6.4	DIN
129.6	790.4	6.4	4
86.0	814.7	4.4	WS2812C-V6
86.0	785.9	4.4	U3
1079.6	579.9	5.2	Q4
1079.6	585.6	5.2	S8050
1000.4	594.3	5.2	BEEP
826.7	285.3	5.2	D
820.8	281.7	5.2	8
826.7	292.5	5.2	D
820.8	288.9	5.2	7
826.7	299.7	5.2	D
820.8	296.1	5.2	6
826.7	306.9	5.2	D
820.8	303.3	5.2	5
846.1	306.9	5.2	G
853.2	303.3	5.2	4
846.7	299.7	5.2	S
853.2	296.1	5.2	3
846.7	292.5	5.2	S
853.2	288.9	5.2	2
846.7	285.3	5.2	S
853.2	281.7	5.2	1
824.0	270.3	5.2	Q1
824.0	317.1	5.2	G200P04D3
936.4	285.3	5.2	D
943.2	281.7	5.2	8
936.4	292.5	5.2	D
943.2	288.9	5.2	7
936.4	299.7	5.2	D
943.2	296.1	5.2	6
936.4	306.9	5.2	D
943.2	303.3	5.2	5
916.7	306.9	5.2	G
910.8	303.3	5.2	4
916.7	299.7	5.2	S
910.8	296.1	5.2	3
916.7	292.5	5.2	S
910.8	288.9	5.2	2
916.7	285.3	5.2	S
910.8	281.7	5.2	1
914.0	273.9	5.2	Q2
914.0	317.1	5.2	G200P04D3
874.4	281.1	5.2	D2
870.8	299.1	5.2	BZT52C10
874.4	349.5	5.2	Q3
874.4	371.1	5.2	2N7002,215
798.8	356.7	5.2	VOUT-EN
986.0	281.1	5.2	VOUT
554.0	594.3	5.2	LED
367.5	659.1	5.2	LED
384.8	687.9	5.2	LED1
384.8	695.1	5.2	LTST-C191KSKT
100.4	194.7	5.2	USB-CC2
100.4	176.7	5.2	USB-CC1
21.2	194.7	5.2	USB-DM
21.2	176.7	5.2	USB-DP
1216.4	16.4	56.7	TODO
1216.4	73.1	56.7	1: BOOT
1216.4	129.8	56.7	2: GND孔
1216.4	186.5	56.7	3: VBUS背面散热
1216.4	243.1	56.7	4: LCD丝印遮挡到焊盘
